idSucursal,nombreSucursal,rfc,correo,telefono,estado,calle,municipio,numero,cp
1,"Kulas, Wehner and Dach",UKZE783846SQB,rrenny0@yale.edu,6866286476,Yucatan,Wayridge,San Jernimo Zacualpan,5248,46990
2,Lebsack and Sons,NXQS201329LQY,gpinkard1@canalblog.com,3391675773,Chihuahua,Merry,Pluma Hidalgo,7970,12370
3,"Homenick, Boyle and Mueller",OQTL066361EQC,rgirardot2@google.ca,5807530855,Sinaloa,Dayton,Nicols Flores,5,95010
4,Corkery-Rutherford,UDBC157790JID,lhurlin3@lulu.com,7882329960,Puebla,Golf View,Angamacutiro,90536,86270
5,"Wisoky, Nienow and Ondricka",JETV405756QNH,jledgley4@java.com,7923215602,Tlaxcala,Ridgeway,Villa Jurez,21,40020
6,Jast and Sons,JSFT227177DCX,cstott5@ycombinator.com,7348308555,San Luis Potosi,Petterle,General Trevio,6312,98980
7,"Kunde, Morar and Zulauf",NFBH149405EBI,cdriver6@independent.co.uk,8107679272,Chihuahua,Saint Paul,San Sebastin del Oeste,0,46410
8,Hoppe-Carroll,SGIA985417LQN,oparmiter7@archive.org,3705616535,Tamaulipas,Mendota,Tepeyahualco de Cuauhtmoc,29752,58910
9,Grady and Sons,RUNS308005LMJ,ccockerell8@patch.com,5868663911,Oaxaca,Maple,Huehuetln el Chico,1053,34410
10,"Hilpert, Kessler and VonRueden",DPRX415382KPA,mloweth9@hostgator.com,1442831455,Campeche,Dunning,San Juan Lachigalla,48,90060
11,"Waelchi, Schuster and Klein",RFQQ718811JGU,vfarnhilla@feedburner.com,283935091,Campeche,Monica,Tlacotepec Plumas,89724,80490
12,"Marquardt, Doyle and Hauck",HWXG122609AES,rrushb@flickr.com,834851717,Nayarit,Lindbergh,Villa de Etla,28,44560
13,"Sporer, Carter and Davis",BXPC799281SXO,efrostickc@abc.net.au,3236093086,Colima,Waywood,Amixtln,8590,26660
14,"Halvorson, Donnelly and Reichel",MWDW460227JLC,lcasined@vimeo.com,5547395451,Baja California Sur,South,San Rafael,44000,77310
15,Yundt Group,EXIU067839IPN,netucke@china.com.cn,8271556318,Zacatecas,Lighthouse Bay,San Pedro Sochipam,9,47590
16,Hoppe-Koelpin,UTRJ276593DMG,acarsonf@tuttocitta.it,6171830955,San Luis Potosi,Washington,General Felipe ngeles,364,36730
17,Stark-Moen,AADT764523IFM,dgiacopelog@ebay.co.uk,4206479831,Guerrero,Forest Run,Santiago Apoala,9585,26160
18,Considine-Willms,MSVG770590ICN,bpomphreyh@fema.gov,603924310,Oaxaca,Spaight,Xochiapulco,846,42040
19,Witting Group,TARD957704KBW,idebenedittii@reddit.com,7850598808,San Luis Potosi,Dwight,Escobedo,753,95140
20,Purdy-Tromp,BOXX150047JGL,vvanaccij@si.edu,5374043820,Tamaulipas,Dawn,Chiautempan,188,76060
21,"Bernhard, Gibson and Feest",DDOH072915GWM,nfoulkesk@msn.com,9866762581,Puebla,Hollow Ridge,Tlalnelhuayocan,10,76780
22,Ondricka-Cole,DZCX712560VQJ,kmowsleyl@mapquest.com,8585536430,Chihuahua,Sheridan,Altamira,2652,67150
23,Bayer-Crona,MXWM045297XDO,jlenoirm@slideshare.net,9247047362,Nuevo Leon,Lakeland,Mazamitla,69,43790
24,"Herman, Bednar and Zemlak",PMPN944163XLW,gdodshunn@xing.com,9298050003,Baja California Sur,Canary,Tecalitln,4,76430
25,Quigley-Smith,LDKC759489AJB,ehenricssono@ihg.com,795121279,Aguascalientes,Hansons,Cotija,70,47000
26,"Hauck, Roberts and Quitzon",NLRZ730478ZEO,ikincadep@dion.ne.jp,4500208568,Queretaro,Huxley,Santa Catarina Lachatao,5,11290
27,Heaney Inc,YMJS656761OHD,darisq@storify.com,3378690189,Tabasco,Dawn,El Limn,2,81820
28,Bechtelar-Little,YVHH336224HGG,hinnsr@angelfire.com,3256857370,Ciudad de México,Killdeer,Gabriel Zamora,435,47490
29,Olson-Harber,VGMF994245XSO,ttattershaws@smugmug.com,3516374925,Colima,Ohio,San Pablo Villa de Mitla,4,31740
30,Gulgowski LLC,QKDH532024LUP,kcorbouldt@twitter.com,4094504874,Puebla,Ridge Oak,Ocoyucan,37,86700
31,Hackett Group,VYKA506170LUK,kcorballyu@wired.com,8090417503,Queretaro,Banding,Santiago Miahuatln,316,910
32,"Dickinson, Connelly and Huels",FLXF087225CTG,okeppv@who.int,5681097173,Chihuahua,Shopko,San Miguel Tequixtepec,311,10620
33,Mertz-Schoen,VZWA219381BEM,tklosterw@fema.gov,4126288070,Ciudad de México,Grim,La Huerta,2263,56180
34,Tillman-Zulauf,YDRM450274RRS,bautriex@rambler.ru,7400865445,Nuevo Leon,Comanche,Monjas,8,12990
35,Collins-Glover,MGTU956428PYE,kkertessy@cloudflare.com,2238550492,Baja California Sur,Hanson,Malinaltepec,4305,84680
36,"Rogahn, Howe and Pollich",JZKX621404PEY,rremirezz@dion.ne.jp,9529048365,Queretaro,Susan,San Pedro Topiltepec,4,52670
37,"Shields, Funk and Windler",QAPO208929HSB,hbretherton10@goodreads.com,5138839103,Chihuahua,Quincy,Calakmul,4079,93670
38,"Terry, Homenick and Spinka",VPSD975515AUX,brookledge11@purevolume.com,9890271676,Tamaulipas,Center,Tepelmeme Villa de Morelos,8,61320
39,Toy Inc,QPLS565127BGS,hrooksby12@rambler.ru,6744432939,Nayarit,Marquette,San Miguel Tlacotepec,2,94120
40,"West, Dietrich and Howe",VVSY300410MZO,dmolder13@cmu.edu,3444786498,Coahuila de Zaragoza,Orin,Amanalco,7,94640
41,Farrell-Beahan,BFGT925871TBQ,ddick14@house.gov,3322278790,Sinaloa,Mosinee,Unin de San Antonio,44,70900
42,Gottlieb and Sons,TREK035112XJG,dbarnbrook15@forbes.com,3167189186,México,Bashford,Tlacuilotepec,1285,1820
43,Rice Inc,ZJLN130358HIR,idrohane16@chron.com,134448452,Baja California,Melody,Villa Victoria,3,76460
44,Quigley LLC,SIZF779085OPI,ecalcott17@zdnet.com,7685178785,Aguascalientes,Acker,San Baltazar Chichicpam,22091,19520
45,Jaskolski LLC,QNWQ296369MGB,rragbourn18@elegantthemes.com,6184904343,San Luis Potosi,Golf,Jitotol,23,17300
46,"Bailey, Rowe and Quigley",AZIS858053VWG,ccolchett19@un.org,6834073277,Morelos,Bartelt,Tolcayuca,1,95550
47,Hamill-Corkery,LBBW156785NRT,rdoerling1a@cornell.edu,5726828107,Nuevo Leon,Crest Line,San Juan del Ro,39,51690
48,Kuhn Group,BMUX601691ALM,mpollicatt1b@youtube.com,6556599971,Durango,Ridge Oak,Mineral de la Reforma,96582,3260
49,"Emard, Bradtke and Pfannerstill",OLUP973781AJL,fhands1c@printfriendly.com,1868840631,Nuevo Leon,Mariners Cove,Dzidzantn,921,63290
50,Hyatt-Hickle,BPBM850636PIR,dpavel1d@oracle.com,7944470913,Tabasco,Mcguire,Ahuehuetitla,823,39390
51,Hagenes-Renner,DLDP079995FNH,bdepka1e@printfriendly.com,8094834835,Baja California Sur,Hooker,San Jos Ayuquila,372,4970
52,"Smitham, Roberts and Boehm",SJIB235568EWN,tgarland1f@npr.org,3535464363,Yucatan,Hoepker,Heroica Ciudad de Juchitn de Zaragoza,625,33000
53,Witting Inc,IXXH234053OLK,psasser1g@phpbb.com,8768852694,Oaxaca,Dayton,Uriangato,17,96250
54,"Miller, Mitchell and Fay",YYCG577596GBE,jfalkinder1h@ustream.tv,3406721356,Sonora,Cardinal,Reforma,781,42820
55,Padberg Group,CCXX774331CLW,gjelk1i@instagram.com,6606537285,Hidalgo,Dryden,Tepeyanco,5644,8160
56,Pagac LLC,QDHX165204NGA,mescala1j@prnewswire.com,5611055189,Colima,Commercial,Villaldama,517,40150
57,Koss-Turcotte,MNDF248124WWU,ccarrane1k@twitpic.com,6358451134,Nuevo Leon,High Crossing,Coxcatln,3,82600
58,Zemlak and Sons,NACB260538AWJ,atimlett1l@cbsnews.com,9343352187,Yucatan,Truax,Xochitln Todos Santos,74863,99980
59,Ritchie Group,AROA873257IMS,cblodg1m@home.pl,6400455063,Zacatecas,Anniversary,Lampazos de Naranjo,3061,23150
60,Medhurst-Schinner,RULN915387HFA,jhowsden1n@ihg.com,3502132501,Quintana Roo,Raven,Otzoloapan,20787,98480
61,Davis-Schumm,LODU902766YRN,jsickling1o@dropbox.com,1622834325,Zacatecas,Prairie Rose,Dzemul,94227,72520
62,Padberg-Blanda,GJPH658785LRG,othebe1p@blogs.com,8347962796,Puebla,Stephen,Coetzala,6797,18830
63,Tromp LLC,LYBR188487WGH,wsinnie1q@cpanel.net,6153481614,Jalisco,Troy,Yauhquemehcan,0,18190
64,Collins and Sons,BLJX805810ZJH,kmountfort1r@census.gov,4482151438,Coahuila de Zaragoza,Brentwood,Tepetzintla,37,54450
65,Waelchi and Sons,CCAS643477QLQ,leffnert1s@addtoany.com,9258534415,San Luis Potosi,Gulseth,Bokob,5515,20580
66,Huels Inc,ODQQ879885VRO,elarratt1t@nationalgeographic.com,1923686744,Chihuahua,Roth,Oteapan,140,83650
67,"Hayes, Beatty and Miller",PSNL602972JYP,clouder1u@about.me,7280376628,Coahuila de Zaragoza,Gale,Santo Domingo Tonaltepec,8640,89720
68,Hudson-O'Conner,EXJH323091DKQ,dburge1v@sohu.com,2883063178,Yucatan,Village Green,Coatecas Altas,4526,93730
69,Bergstrom-Weber,RGDU246098DGR,spassmore1w@nbcnews.com,2671607316,Guerrero,Memorial,Santos Reyes Ppalo,6445,40970
70,Stokes-Tromp,HZPS194196FLM,lmaccorkell1x@meetup.com,9889045283,Tamaulipas,Sachs,San Juan Sayultepec,79,12280
71,Krajcik-Olson,OWWF083442TTB,gwortley1y@umn.edu,6935051465,Ciudad de México,Thompson,Ocosingo,12272,50710
72,Gusikowski LLC,CYOR409794GYI,bcraker1z@soup.io,8568008715,Puebla,Hoard,San Pedro Ylox,5353,4550
73,Heathcote Group,VFBQ419189BBS,cjenno20@dot.gov,5974589107,Coahuila de Zaragoza,Carpenter,Atlapexco,38,69670
74,Hoppe LLC,LIWA761370VET,nsmalls21@spiegel.de,8592750850,Baja California Sur,Dryden,Ixcateopan de Cuauhtmoc,4,18010
75,"Volkman, Rolfson and Ullrich",IZBU395107DJT,dchapple22@biblegateway.com,111332597,Michoacán,Red Cloud,Santa Cruz Itundujia,20,19110
76,Jenkins-Casper,EORD547701LZV,bmatusevich23@smugmug.com,5698875533,México,Moulton,Chamula,34507,62830
77,Heller-Reilly,UJAM248884DKI,kfraschini24@senate.gov,1887001919,Morelos,Dixon,Huichapan,27,69730
78,Satterfield Group,GDHX604131QPL,ldequincey25@army.mil,4717157004,Tamaulipas,Express,Rodeo,43088,80430
79,Pacocha-Bernier,LBGP111664SPW,aduthy26@sohu.com,731927218,Puebla,Paget,Santa Mara Sola,80214,65400
80,Walsh-Spinka,RYEO198537YGI,gmarwick27@myspace.com,5108003062,Baja California,Rutledge,Puerto Vallarta,85,18840
81,"Ortiz, Dibbert and Gusikowski",IIPC371953RFG,twinckle28@bing.com,7959227232,Ciudad de México,Golf View,Coyutla,7,34710
82,"Walker, Glover and Prohaska",WXGX688121KKZ,jsilkston29@washingtonpost.com,969265370,Aguascalientes,Novick,Pachuca de Soto,65,87320
83,Krajcik-Blanda,ZAKJ805903XCU,tgheeraert2a@dmoz.org,9447060055,Ciudad de México,Delaware,Zimatln de lvarez,62,72870
84,Ruecker-Greenfelder,VZXW207416DSF,katthow2b@taobao.com,4760882979,Jalisco,Rockefeller,San Jos Lachiguiri,14,41360
85,"Padberg, Prosacco and McKenzie",MVYL042544ACR,nbizley2c@t.co,3638529496,Nuevo Leon,Elka,Crdoba,4605,13410
86,Walsh-Parker,WEOU991527OCQ,acotes2d@dailymail.co.uk,8839324876,San Luis Potosi,1st,Pilcaya,1,88420
87,Bogan-Gutmann,FLWI659434EVY,ppimblotte2e@bandcamp.com,6164561392,Durango,Arkansas,Santiago,21523,78030
88,Sipes-Zulauf,CZWM183267BSG,gsunter2f@illinois.edu,6272841713,Sonora,Lindbergh,Tancoco,38,76010
89,"Hartmann, Cummings and Hackett",RNXH682920HKF,rhardin2g@nasa.gov,6236524455,Guerrero,Elgar,Constancia del Rosario,59012,26120
90,Shanahan-Schoen,KHHX896247DKM,ocrosetti2h@omniture.com,3176761832,Sinaloa,Mariners Cove,San Bartolom Loxicha,37,35050
91,Stehr and Sons,NXOW538175UMS,wriediger2i@hc360.com,9456683447,Veracruz de Ignacio de la Llave,Onsgard,Amatn,8,36750
92,Pouros Inc,RGKU706009QUE,rramshay2j@time.com,7966106264,Aguascalientes,6th,Puente de Ixtla,80,67930
93,Homenick-Schuster,LSCB046917ONM,nerricker2k@shareasale.com,5769814898,Sinaloa,Reindahl,Zacapala,97,64030
94,Reichert-Bernhard,QPUP286052GDR,jloder2l@alexa.com,6662241520,Yucatan,Lake View,Tlacotalpan,32299,77370
95,Smith Inc,HANF186409XJD,mkneller2m@umn.edu,806397662,Sinaloa,Armistice,Santa Cruz Xitla,203,61310
96,Monahan-Wunsch,TEYS923251JVW,sridout2n@huffingtonpost.com,7723443336,Campeche,Continental,Santa Catarina Cuixtla,12,53380
97,Mraz Group,WZDS404484XFX,gbrake2o@economist.com,4408985864,Nuevo Leon,Evergreen,Tonal,509,13380
98,Lindgren Inc,BMBT913177MZW,esambles2p@wsj.com,7648490274,Sonora,Hintze,Tenango de Doria,2,45220
99,Romaguera and Sons,AQWX088917ODI,jlukes2q@joomla.org,1573189729,Nayarit,Lukken,Husabas,226,390
100,"Larson, Schimmel and Waters",GZZN852146WKH,tcars2r@intel.com,3208498246,Tabasco,Brown,Chapulhuacn,75852,64800
